Nome,Preço,Link
Máscara de Argila Branca Clareadora,"R$ 108,00",https://quintaldermocosmeticos.com.br//collections/mascaras/products/mascara-de-argila-branca-clareadora
Máscara de Argila Preta Regeneradora,"R$ 108,00",https://quintaldermocosmeticos.com.br//collections/mascaras/products/mascara-de-argila-preta-regeneradora
Máscara de Argila Rosa para Peles Ultrassensíveis,"R$ 159,00",https://quintaldermocosmeticos.com.br//collections/mascaras/products/mascara-de-argila-rosa-para-peles-ultrassensiveis
Máscara de Argila Verde Antiacne,"R$ 108,00",https://quintaldermocosmeticos.com.br//collections/mascaras/products/mascara-de-argila-verde-antiacne
Máscara de Argila Vermelha Antissinais,"R$ 108,00",https://quintaldermocosmeticos.com.br//collections/mascaras/products/copia-de-mascara-de-argila-branca-clareadora
Máscara de Argila Violeta Antiporosidade,"R$ 108,00",https://quintaldermocosmeticos.com.br//collections/mascaras/products/mascara-de-argila-antiporosidade
Máscara para Olhos Detoxificante,"R$ 28,00",https://quintaldermocosmeticos.com.br//collections/mascaras/products/mascara-para-olhos-detoxicante
Máscara para Olhos Firmadora,"R$ 28,00",https://quintaldermocosmeticos.com.br//collections/mascaras/products/mascara-para-olhos-firmadora
Máscara para Olhos Iluminadora,"R$ 28,00",https://quintaldermocosmeticos.com.br//collections/mascaras/products/mascara-para-olhos-iluminadora
